Dateline\ Standard\ Time=Etc/GMT+12
UTC-11=Etc/GMT+12
Samoa\ Standard\ Time=US/Samoa
Hawaiian\ Standard\ Time=US/Hwaii
Alaskan\ Standard\ Time=US/Alaska
Pacific\ Standard\ Time=Canada/Pacific
Pacific\ Standard\ Time\ (Mexico)=Mexico/BajaNorte
Mountain\ Standard\ Time=America/Denver
Mountain\ Standard\ Time\ (Mexico)=America/Chihuahua
US\ Mountain\ Standard\ Time=US/Arizona
Canada\ Central\ Standard\ Time=Canada/Saskatchewan
Central\ America\ Standard\ Time=US/Central
Central\ Standard\ Time=America/Winnipeg
Central\ Standard\ Time\ (Mexico)=Mexico/General
Eastern\ Standard\ Time=US/Eastern
SA\ Pacific\ Standard\ Time=America/Bogota
US\ Eastern\ Standard\ Time=US/Indiana-Starke
Venezuela\ Standard\ Time=America/Caracas
Atlantic\ Standard\ Time=Atlantic/Bermuda
Central\ Brazilian\ Standard\ Time=America/Cuiaba
Pacific\ SA\ Standard\ Time=America/Santiago
SA\ Western\ Standard\ Time=America/Manaus
Paraguay\ Standard\ Time=America/Asuncion
Newfoundland\ Standard\ Time=Canada/Newfoundland
E.\ South\ America\ Standard\ Time=Brazil/East
Greenland\ Standard\ Time=Atlantic/Stanley
Montevideo\ Standard\ Time=America/Montevideo
SA\ Eastern\ Standard\ Time=America/Fortaleza
Argentina\ Standard\ Time=America/Buenos_Aires
Mid-Atlantic\ Standard\ Time=Atlantic/South_Georgia
UTC-2=Etc/GMT+2
Azores\ Standard\ Time=America/Azores
Cape\ Verde\ Standard\ Time=Atlantic/Cape_Verde
GMT\ Standard\ Time=Europe/Dublin
Greenwich\ Standard\ Time=UTC
Morocco\ Standard\ Time=UTC
Central\ Europe\ Standard\ Time=Europe/Budapest
Central\ European\ Standard\ Time=Europe/Sarajevo
Mitteleuropäische\ Zeit=Europe/Vienna
Romance\ Standard\ Time=Europe/Paris
W.\ Central\ Africa\ Standard\ Time=Africa/Algiers
W.\ Europe\ Standard\ Time=Europe/Vienna
Namibia\ Standard\ Time=Africa/Windhoek
E.\ Europe\ Standard\ Time=Europe/Kiev
Egypt\ Standard\ Time=Africa/Cairo
FLE\ Standard\ Time=Europe/Sofia
GTB\ Standard\ Time=Europe/Bucharest
GTB\ Standard\ Time=Europe/Bucharest
Israel\ Standard\ Time=Asia/Jerusalem
Jordan\ Standard\ Time=Asia/Amman
Middle\ East\ Standard\ Time=Asia/Beirut
South\ Africa\ Standard\ Time=Africa/Harare
Syria\ Standard\ Time=Asia/Damascus
Turkey\ Standard\ Time=Asia/Istanbul
Arab\ Standard\ Time=Asia/Kuwait
Arabic\ Standard\ Time=Asia/Bagdad
E.\ Africa\ Standard\ Time=Africa/Nairobi
Kaliningrad\ Standard\ Time=Europe/Kaliningrad
Iran\ Standard\ Time=Asia/Tehran
Russian\ Standard\ Time=Europe/Moscow
Arabian\ Standard\ Time=Asia/Muscat
Azerbaijan\ Standard\ Time=Asia/Baku
Caucasus\ Standard\ Time=Asia/Yerevan
Georgian\ Standard\ Time=Asia/Tbilisi
Mauritius\ Standard\ Time=Asia/Tbilisi
Afghanistan\ Standard\ Time=Asia/Kabul
West\ Asia\ Standard\ Time=Asia/Tashkent
Pakistan\ Standard\ Time=Asia/Karachi
India\ Standard\ Time=Asia/Kolkata
Sri\ Lanka\ Standard\ Time=Asia/Kolkata
Nepal\ Standard\ Time=Asia/Kathmandu
Ekaterinburg\ Standard\ Time=Asia/Yekaterinburg
Central\ Asia\ Standard\ Time=Asia/Astana
Bangladesh\ Standard\ Time=Asia/Astana
Myanmar\ Standard\ Time=Asia/Rangoon
N.\ Central\ Asia\ Standard\ Time=Asia/Novosibirsk
SE\ Asia\ Standard\ Time=Asia/Jakarta
North\ Asia\ Standard\ Time=Asia/Krasnoyarsk
China\ Standard\ Time=Hongkong
Singapore\ Standard\ Time=Asia/Kuala_Lumpur
Taipei\ Standard\ Time=Asia/Taipei
W.\ Australia\ Standard\ Time=Austraila/Perth
Ulaanbaatar\ Standard\ Time=Asia/Ulaanbaatar
North\ Asia\ East\ Standard\ Time=Asia/Irkutsk
Korea\ Standard\ Time=Asia/Seoul
Tokyo\ Standard\ Time=Asia/Tokyo
AUS\ Central\ Standard\ Time=Australia/Darwin
Cen.\ Australia\ Standard\ Time=Australia/Adelaide
Yakutsk\ Standard\ Time=Asia/Yakutsk
AUS\ Eastern\ Standard\ Time=Australia/Melbourne
E.\ Australia\ Standard\ Time=Australia/Brisbane
Tasmania\ Standard\ Time=Australia/Hobart
West\ Pacific\ Standard\ Time=Pacific/Guam
Vladivostok\ Standard\ Time=Asia/Vladivostok
Central\ Pacific\ Standard\ Time=Pacific/Efate
Magadan\ Standard\ Time=Asia/Magadan
Fiji\ Standard\ Time=Pacific/Fiji
New\ Zealand\ Standard\ Time=Pacific/Auckland
UTC+12=NZ
Tonga\ Standard\ Time=Pacific/Alpia